id_businessunit,sku_solicitado,nombre_sku_solicitado,sku_solicitado_cambio,nombre_sku_solicitado_cambio
1,1469,Ciel Agua Purificada,3637,"Ciel Exprim Gasificada Maracuya, Botella Pet 600 ml, 6 Piezas"
8,6783,Yogurt Mix Frutilla con Galletas 175 Gr.                                                                                                                                                                                                                  ,11138,Yogurt Toni Durazno 110 Gr.                                                                                                                                                                                                                               
1,1482,Sprite Lima Limón,3802,"Sprite Sin Azúcar Lima Limón, Botella Pet 2.50 L, 8 Piezas"
1,375,Del Valle Mango,3253,"Del Valle Surtida, Botella Pet 1.00 L, 6 Piezas"
1,3735,Santa Clara Leche Cappuccino,1916,"Santa Clara Leche Entera, Tetra Pack 1.00 L, 4 Piezas"
8,971,Yogurt Chiqui Mix Frutilla con Hojuelas 92 Gr.                                                                                                                                                                                                            ,11242,Yogurt Toni Yogurt Vainilla 1.7 L.                                                                                                                                                                                                                        
1,310,Coca - Cola,3402,"Coca - Cola, Botella Pet 2.00 L Retornable, 8 Piezas"
1,3898,Coca - Cola,2108,"Coca - Cola, Botella Vidrio 237 ml, 12 Piezas"
1,1152,Topo Chico Agua Mineral,4153,"Topo Chico Agua Mineral, Botella Vidrio 355 ml, 12 Piezas"
1,2,Coca - Cola,3599,"Coca - Cola Sin Azúcar, Botella Pet 1.50 L, 8 Piezas"
1,406,Coca - Cola,2392,"Coca - Cola Light, Botella Pet 1.50 L, 6 Piezas"
5,12467,Fanta Uva,3177,"Fanta Naranja, Botella Vidrio 1.25 L Retornable, 12 Unidades                                                                                                                                                                                              "
1,2290,Pulpy,2817,"Pulpy, Paquete Surtido Botella Pet 400 ml, 6 Piezas"
1,506,Coca - Cola,211,"Coca - Cola Zero, Botella Pet 2.00 L, 8 Piezas"
8,972,Yogurt Chiqui Mix Frutilla con Bolitas 92 Gr.                                                                                                                                                                                                             ,10453,YOGURT-MET-0150-CHOCO- FFS                                                                                                                                                                                                                                
1,2578,Coca - Cola Zero,148,"Coca - Cola Light, Botella Vidrio 237 ml, 24 Piezas"
1,3161,Monster Energy Original,2941,"Monster Hamilton Uva, Lata 473 ml, 4 Piezas"
1,180,Coca - Cola,39,"Coca - Cola Light, Botella Pet 1.00 L, 12 Piezas"
1,364,Fanta Fresa,18,"Fanta Fresa, Botella Pet 2.00 L Retornable, 8 Piezas"
1,462,Powerade Moras,1529,"Powerade Uva, Botella Pet 1.00 L, 6 Piezas"
1,8,Coca - Cola,173,"Coca - Cola Light Sin Cafeína, Botella Pet 600 ml, 24 Piezas"
1,404,Valle Frut Citrus Punch,3668,"Valle Frut Mandarina, Botella Pet 2.00 L, 8 Piezas"
1,545,Sprite Lima Limón,1954,"Sprite Lima Limón, Botella Pet 2.00 L, 6 Piezas"
1,564,Fanta Naranja,3436,"Fanta Senzao Guaraná, Botella Pet 600 ml, 6 Piezas"
1,498,Del Valle Mango,1850,"Del Valle Surtida, Tetra Pack 1.00 L, 4 Piezas"
1,2577,Coca - Cola Zero,1405,"Coca - Cola, Botella Pet 400 ml, 12 Piezas"
1,499,Del Valle Durazno,389,"Del Valle Néctar Manzana, Tetra Pack 200 ml, 4 Piezas"
1,378,Del Valle Néctar Manzana,3204,"Del Valle Piña, Botella Pet 1.00 L, 6 Piezas"
1,653,Fuze Tea Durazno,733,"Fuze Tea Limón, Botella Pet 600 ml, 6 Piezas"
1,3734,Santa Clara Leche Fresa,2895,"Santa Clara Leche Cajeta, Tetra Pack 200 ml, 4 Piezas"
1,206,Fresca Toronja,76,"Fresca Toronja, Botella Pet 2.00 L, 8 Piezas"
1,2874,Del Valle Mango,380,"Del Valle Durazno, Botella Vidrio 250 ml, 6 Piezas"
1,2783,Coca - Cola Zero,3968,"Coca Cola Cherry, Botella Pet 600 ml, 12 Piezas"
1,2864,Coca - Cola Zero,2337,"Coca - Cola, Botella Pet 600 ml, 4 Piezas"
1,308,Frutsi Frutas Rojas,532,"Frutsi Frutas Rojas, Botella Pet 260 ml, 6 Piezas"
1,799,Coca - Cola,2583,"Coca - Cola Zero, Botella Pet 355 ml, 12 Piezas"
1,500,Del Valle Manzana,386,"Del Valle Mango, Tetra Pack 200 ml, 4 Piezas"
1,3274,Coca - Cola,3601,"Coca - Cola Sin Azúcar, Botella Pet 2.00 L, 8 Piezas"
8,2478,Leche Saborizada Toni Chiqui Frutilla Poma 135 Ml.                                                                                                                                                                                                        ,1485,LECHS-EST-1000-FRUT                                                                                                                                                                                                                                       
1,1760,Coca - Cola,2860,"Coca - Cola Zero, Lata 473 ml, 24 Piezas"
8,1120,Caffe Lato Mocaccino Tpk 250 Ml.                                                                                                                                                                                                                          ,2280,Caffe Lato Mocaccino Vidrio 285 Ml.                                                                                                                                                                                                                       
1,377,Del Valle Manzana,2829,"Del Valle Guayaba, Botella Pet 237 ml, 6 Piezas"
1,3912,Coca - Cola,3919,"Coca - Cola Zero, Botella Pet 450 ml, 12 Piezas"
1,3055,Del Valle Néctar Manzana,2824,"Del Valle Reserva Granada, Botella Pet 237 ml, 6 Piezas"
1,679,Fuze Tea Limón,2929,"Fuze Tea Lichi, Botella Pet 600 ml, 6 Piezas"
1,376,Del Valle Durazno,2947,"Del Valle y Nada Limón Pepino, Botella Pet 600 ml, 6 Piezas"
1,3986,Coca - Cola,13,"Coca - Cola Light, Botella Vidrio 500 ml, 24 Piezas"
1,648,Fuze Tea Limón,3487,"Fuze Tea Sin Azúcar Durazno, Botella Pet 600 ml, 6 Piezas"
1,3196,Monster Energy Lo Carb,3071,"Monster Energy Mango Loco, Lata 473 ml, 4 Piezas"
1,220,Powerade Frutas Rojas,1290,"Powerade Mango, Botella Pet 600 ml, 6 Piezas"
1,399,Frutsi Manzana,534,"Frutsi Mango, Botella Pet 260 ml, 6 Piezas"
1,14,Coca - Cola Light,2922,"Coca - Cola Zero, Lata 355 ml, 24 Piezas"
1,1055,Sprite Lima Limón,1407,"Sprite Lima Limón, Botella Pet 400 ml, 12 Piezas"
1,99,Coca - Cola,2819,"Coca - Cola, Botella Vidrio 355 ml, 24 Piezas"
1,221,Powerade Naranja Mandarina,219,"Powerade Moras, Botella Pet 600 ml, 6 Piezas"
8,9095,Yogurt Mix Frutilla con Hojuelas 180 Gr.                                                                                                                                                                                                                  ,2559,YOGURT-MET-0150-FRUTILLA                                                                                                                                                                                                                                  
8,2280,Caffe Lato Mocaccino Vidrio 285 Ml.                                                                                                                                                                                                                       ,2281,Caffe Lato Capuccino Vidrio 285 Ml.                                                                                                                                                                                                                       
1,3658,Flashlyte Uva,3656,"Flashlyte Fresa, Botella Pet 625 ml, 6 Piezas"
1,549,Delaware Punch Uva,256868,"Inca-Kola, Vidrio 1000 Ml, 12 Unidades"
1,3244,Topo Chico Twist Limón,1461,"Topo Chico Agua Mineral, Botella Vidrio 340 ml, 6 Piezas"
5,12961,Familia Monster Paquete Surtido,10202,"Familia Monster Paquete Surtido, Lata 473ml, 5 Unidades                                                                                                                                                                                                   "
1,6,Coca - Cola,580,"Coca - Cola Zero, Botella Pet 355 ml, 24 Piezas"
1,1575,Fanta Fresa,100,"Fanta Splash Naranja, Botella Pet 1.00 L, 12 Piezas"
1,3932,Familia Coca - Cola,1535,"Familia Coca - Cola, Paquete Surtido Botella Pet 600 ml, 12 Piezas"
1,3294,Valle Frut Citrus Punch,3203,"Valle Frut Citrus Punch, Botella Pet 3.00 L, 2 Piezas"
8,11540,Leche Saborizada Toni Frutilla Poma 200 Ml.                                                                                                                                                                                                               ,443,LECHS-PQX2-1LT-FRE CHOCO TPK                                                                                                                                                                                                                              
1,506,Coca - Cola,211,"Coca-Cola Light, Botella Pet 500 ml, 12 Unidades                                                                                                                                                                                                          "
1,2655,Coca - Cola Zero,3337,"Coca - Cola, Botella Pet 600 ml, 4 Piezas"
1,177,Coca - Cola,1679,"Coca - Cola Life, Botella Pet 2.00 L, 8 Piezas"
1,2663,Coca - Cola Zero,4126,"Coca - Cola Zero, Botella Vidrio 235 ml, 6 Piezas"
1,3633,Del Valle Fizz Naranja,3631,"Del Valle Fizz Limón, Botella Pet 600 ml, 6 Piezas"
1,818,Sprite Lima Limón,3140,"Sprite Lima Limón, Botella Pet 1.50 L Retornable, 12 Piezas"
8,11541,Leche Saborizada Toni Chocolate Poma 200 Ml.                                                                                                                                                                                                              ,11453,Leche Saborizada Vainilla 750Ml.                                                                                                                                                                                                                          
1,802,Coca - Cola Light,176,"Coca - Cola Light, Botella Pet 1.00 L, 12 Piezas"
1,1148,Joya Ponche,1430,"Joya Ponche, Botella Pet 1.50 L Retornable, 12 Piezas"
1,551,Coca - Cola,466,"Coca - Cola Zero, Botella Pet 600 ml, 6 Piezas"
1,77,Coca - Cola,2783,"Coca - Cola Zero, Botella Vidrio 500 ml, 12 Piezas"
1,2709,Ades Frutal Mango,2708,"Ades Frutal Durazno, Tetra Pack 200 ml, 4 Piezas"
8,480,Tortolines Chifles Clásicos 45 Gr.                                                                                                                                                                                                                        ,498,Tortolines Chifles Maduritos 150 Gr.                                                                                                                                                                                                                      
5,2824,Dasani Sin Gas,1067,"Coca-Cola , PET 3 L, 4 Unidades"
5,11447,Fanta Naranja,3169,"Fanta Naranja, Botella Pet 300 ml, 12 Unidades                                                                                                                                                                                                            "
1,2429,Coca - Cola,608,"Coca - Cola, Botella Pet 355 ml, 12 Piezas"
1,47,Ciel Agua Purificada,2364,"Ciel Exprim Jamaica, Botella Pet 600 ml, 12 Piezas"
1,959,Familia Coca - Cola,1605,"Familia Coca - Cola, Paquete Surtido Botella Pet 2.50 L Retornable, 8 Piezas"
1,2718,Ades Soya Light Natural,3492,"Ades Almendra Sin Azúcar, Tetra Pack 946 ml, 3 Piezas"
1,3955,Ciel Agua Purificada,893,"Ciel Agua Purificada, Botella Pet 1.50 L, 4 Piezas"
1,48,Ciel Agua Purificada,1468,"Ciel Agua Purificada, Botella Pet 5.00 L, 1 Pieza"
1,130,Coca - Cola Light,2328,"Coca - Cola, Botella Vidrio 237 ml, 4 Piezas"
5,582,Sprite Lima-Limón,581,"Sprite Lima-Limón, Botella Pet 1.75 L, 6 Unidades                                                                                                                                                                                                         "
1,4059,Costa Coffee Barista,4086,"Costa Coffee Barista, Frasco 85 g, 1 Pieza"
1,2676,Familia Coca - Cola,1000,"Familia Coca - Cola, Paquete Surtido Botella Pet 3.00 L, 2 Piezas"
5,131,Coca-Cola Sabor Original,152,"Coca-Cola TA, Botella Vidrio 1.25 L Retornable, 12 Unidades.                                                                                                                                                                                              "
1,2333,Coca - Cola Light,38,"Coca - Cola, Botella Pet 1.00 L, 12 Piezas"
8,12333,Yogurt Toni Frutilla 190 Gr.                                                                                                                                                                                                                              ,12326,Yogurt Toni Frutilla 750 Gr.                                                                                                                                                                                                                              
5,12758,Familia Dasani Saborizada Paquete Surtido,12216,"Familia Coca-Cola Paquete Surtido, Botella Pet 500ml, 7 Unidades                                                                                                                                                                                          "
1,1470,Ciel Agua Purificada,2904,"Ciel Exprim Pepino Piña, Botella Pet 600 ml, 6 Piezas"
5,1976,Fuze Tea Negro Limón,10053,"Fuze Tea Mango Manzanilla, Botella Pet 550 ml, 12 Unidades                                                                                                                                                                                                "
1,1399,Fresca Toronja,2268,"Fresca Toronja, Botella Pet 1.50 L, 12 Piezas"
1,2924,Coca - Cola,973,"Coca - Cola Life, Botella Vidrio 500 ml, 24 Piezas"
1,1126,Fanta Naranja,3025,"Fanta Piña, Botella Pet 1.50 L, 4 Piezas"
1,58,Coca - Cola,3003,"Coca - Cola Zero, Botella Vidrio 235 ml, 24 Piezas"
1,552,Coca - Cola Light,1170,"Coca - Cola, Botella Pet 3.00 L, 6 Piezas"
1,234,Fresca Toronja,4036,"Fresca Fusión, Botella Pet 1.75 L, 4 Piezas"
1,13,Coca - Cola Light,2579,"Coca - Cola Zero, Botella Vidrio 500 ml Retornable, 24 Piezas"
1,995,Santa Clara Leche Light,1929,"Santa Clara Leche Light Deslactosada, Tetra Pack 1.00 L, 6 Piezas"
1,3156,Coca - Cola,1324,"Coca - Cola, Botella Vidrio 500 ml, 24 Piezas"
1,461,Powerade Lima Limón,3369,"Powerade Fit Uva Menta, Botella Pet 500 ml, 6 Piezas"
1,1018,Fuze Tea Frutos Rojos,653,"Fuze Tea Durazno, Botella Pet 600 ml, 6 Piezas"
1,3737,Santa Clara Leche Vainilla,3734,"Santa Clara Leche Fresa, Tetra Pack 180 ml, 4 Piezas"
1,75,Ciel Agua Purificada,2365,"Ciel Exprim Limón, Botella Pet 600 ml, 12 Piezas"
5,2838,Dasani Sin Gas,2836,"Dasani Sin Gas, Botella Pet 6.00 L, 4 Unidade"
1,557,Sprite Lima Limón,4149,"Sprite Lima Limón, Botella Pet 600 ml, 6 Piezas"
1,2430,Coca - Cola Light,2366,"Coca - Cola Light, Botella Pet 1.50 L, 12 Piezas"
8,150,Bebida de Yogurt Frush Frutos Rojos 900 Gr.                                                                                                                                                                                                               ,13894,Bebida de Yogurt Frush Frutos Rojos 180Gr.                                                                                                                                                                                                                
5,128,Coca-Cola Sabor Original,140,"Coca-Cola Sabor Original, Botella Pet 2.00 L Retornable, 9 Unidades                                                                                                                                                                                       "
1,3661,Fresca Fusión,547,"Fresca Toronja, Botella Pet 600 ml, 6 Piezas"
1,508,Fresca Toronja,3885,"Fresca Surtida, Botella Pet 2.00 L, 8 Piezas"
1,1533,Fanta Fresa,369,"Fanta Piña, Botella Pet 2.50 L, 8 Piezas"
1,565,Sprite Lima Limón,3110,"Sprite Sin Azúcar Lima Limón, Botella Pet 600 ml, 6 Piezas"
1,1177,Topo Chico Agua Mineral,1353,"Topo Chico Sangría Light, Botella Pet 600 ml, 6 Piezas"
1,138,Ciel Agua Purificada,2609,"Ciel Agua Purificada, Botella Pet 1.00 L, 4 Piezas"
1,3184,Predator Energy Original,4076,"PREDATOR ENERGY WILD BERRY, Lata 473 ml, 6 Piezas"
1,443,Valle Frut Citrus Punch,782,"Valle Frut Citrus Punch, Botella Pet 500 ml, 12 Piezas"
1,1127,Fanta Fresa,3248,"Fanta Fresa, Botella Pet 1.75 L, 4 Piezas"
1,996,Santa Clara Leche Deslactosada Semi,994,"Santa Clara Leche Entera, Tetra Pack 1.00 L, 6 Piezas"
1,5100540,CONSOME CONSOMATE TIRA JIRAFA 27 CAJITAS / DISPLAY,5100586,CONSOME TOMATE TIRA TOMATISIMO 22 GR 24 PZAS
1,1057,Fresca Toronja,3284,"Fresca Sin Azúcar Toronja, Botella Pet 1.50 L Retornable, 12 Piezas"
1,814,Fresca Toronja,1363,"Fresca Zero Toronja, Botella Pet 600 ml, 12 Piezas"
1,3832,Familia Coca - Cola,431,"Familia Coca - Cola, Paquete Surtido Botella Pet 500 ml, 24 Piezas"
1,1902,Familia Coca - Cola,1649,"Familia Coca - Cola, Paquete Surtido Botella Pet 600 ml, 12 Piezas"
1,309,Frutsi Uva,531,"Frutsi Manzana, Botella Pet 260 ml, 6 Piezas"
1,11,Coca - Cola Light,253,"Coca - Cola, Botella Pet 400 ml, 24 Piezas"
5,2,Coca-Cola Sabor Original,112,"Coca-Cola Sin Azúcar, Botella Vidrio 300 ml Retornable, 24 Unidades                                                                                                                                                                                       "
8,12330,Yogurt Toni Frutilla 950 Gr.                                                                                                                                                                                                                              ,939,Yogurt Toni Light Vainilla 950 Gr.                                                                                                                                                                                                                        
5,76,Coca-Cola Sabor Original,10268,"Coca-Cola Sin Azúcar, Botella Pet 410 ml, 12 Unidades                                                                                                                                                                                                     "
1,1822,Del Valle Manzana,280,"Del Valle Néctar Manzana, Tetra Pack 1.00 L, 12 Piezas"
1,30,Sprite Lima Limón,226,"Sprite Lima Limón, Botella Pet 500 ml, 24 Piezas"
1,1828,Del Valle Reserva Arándano,1852,"Del Valle Naranja, Botella Pet 300 ml, 6 Piezas"
1,994,Santa Clara Leche Entera,2788,"Santa Clara Leche Cappuccino, Tetra Pack 200 ml, 6 Piezas"
1,784,Valle Frut Citrus Punch,738,"Valle Frut Limón, Botella Pet 600 ml, 12 Piezas"
8,906,Avena Toni Tradicional Leche Canela 250 Ml.                                                                                                                                                                                                               ,900,Avena Toni Tradicional Fruta Naranjilla 1L                                                                                                                                                                                                                
1,478,Pulpy Naranja,3085,"Pulpy Sábila, Botella Pet 400 ml, 6 Piezas"
1,2656,Coca - Cola Zero,125,"Coca - Cola, Botella Pet 710 ml, 4 Piezas"
1,57,Sprite Lima Limón,3277,"Sprite Sin Azúcar Lima Limón, Botella Pet 1.50 L Retornable, 12 Piezas"
12,688,Tornaditos 18 g                                                                                                                                                                                                                                           ,439,Tornaditos Queso 150 G                                                                                                                                                                                                                                    
1,208,Coca - Cola,2490,"Coca - Cola, Lata 235 ml, 24 Piezas"
1,1485,Valle Frut Citrus Punch,2494,"Valle Frut Mango, Botella Pet 355 ml, 12 Piezas"
1,376,Del Valle Durazno,2947,"Powerade Fruta Tropical, Botella Pet 350 ml, "
5,140,Coca-Cola Sabor Original,128,"Coca-Cola Sabor Original, Botella Pet 2.00 L Retornable, 9 Unidades                                                                                                                                                                                       "
5,3909,Inca-Kola Dorada STV,11605,"Inca-Kola Dorada STV, Botella Pet 500 ml, 12 Unidades                                                                                                                                                                                                     "
1,786,Ciel Agua Purificada,118,"Ciel Saborizada Jamaica, Botella Pet 600 ml, 6 Piezas"
1,205,Sprite Lima Limón,144,"Sprite Lima Limón, Botella Pet 2.50 L, 8 Piezas"
1,1163,Fanta Fresa,3313,"Fanta Naranja, Botella Pet 1.50 L Retornable, 12 Piezas"
5,145,Coca-Cola Sabor Original,146,"Coca-Cola Sabor Original, Botella Pet 600 ml,"
1,3982,Joya,1221,"Joya, Paquete Surtido Botella Pet 2.50 L, 8 Piezas"
1,2708,Ades Frutal Durazno,2710,"Ades Frutal Manzana, Tetra Pack 200 ml, 4 Piezas"
1,4076,PREDATOR ENERGY WILD BERRY,3450,"Predator Energy Green Lima Limón, Lata 355 ml, 6 Piezas"
5,12499,Coca-Cola Sabor Original,10273,"Coca-Cola Sin Azúcar, Botella Pet 2.75 L, 6 Unidades                                                                                                                                                                                                      "
1,547,Fresca Toronja,1071,"Fresca Toronja, Botella Pet 2.50 L, 6 Piezas"
1,337,Powerade Moras,636,"Powerade Jugo Lima Limón, Botella Pet 500 ml, 6 Piezas"
5,10527,Fioravanti Fresa,3810,"Fioravanti Manzana Roja, Botella Pet 300 ml, 12 Unidades                                                                                                                                                                                                  "
1,2612,Del Valle 100% Jugo Naranja,1825,"Del Valle Uva, Tetra Pack 250 ml, 12 Piezas"
1,2678,Coca - Cola Zero,3595,"Coca - Cola Sin Azúcar, Botella Pet 600 ml, 12 Piezas"
1,2433,Coca - Cola,3,"Coca - Cola, Botella Vidrio 192 ml Retornable, 24 Piezas"
5,125,Coca-Cola Sabor Original,153,"Coca-Cola TA, Botella Vidrio 1.25 L Retornable, 10 Unidades                                                                                                                                                                                               "
5,3164,Fanta Naranja,3165,"Fanta Naranja, Botella Vidrio 300 ml Retornable, 24 Unidades                                                                                                                                                                                              "
1,3847,Joya Ponche,1131,"Joya Ponche, Botella Pet 2.00 L, 8 Piezas"
1,419,Del Valle Mango,1025,"Del Valle Mandarina, Botella Vidrio 413 ml, 6 Piezas"
1,3471,Coca - Cola Zero,1472,"Coca - Cola, Botella Vidrio 237 ml, 6 Piezas"
1,2128,Valle Frut Citrus Punch,3012,"Valle Frut Citrus Punch, Botella Pet 355 ml, 6 Piezas"
1,796,Ciel Agua Purificada,3644,"Ciel Exprim Gasificada Manzana, Botella Pet 600 ml, 12 Piezas"
5,2824,Dasani Sin Gas,11558,"Coca-Cola Sabor Original, Botella Pet 300 ml, 24 Unidades                                                                                                                                                                                                 "
1,1277,Sprite Lima Limón,3251,"Sprite Lima Limón, Botella Pet 1.75 L, 4 Piezas"
5,10111,Coca-Cola Sabor Original,10112,"Coca-Cola Sin Azúcar, Lata 350 ml, 6 Unidades                                                                                                                                                                                                             "
1,3787,Familia Coca - Cola,1562,"Familia Coca - Cola, Paquete Surtido Botella Pet 2.50 L Retornable, 8 Piezas"
5,2829,Dasani Sin Gas,2846,"Dasani Mineralizada Carbonatada, Botella Pet 500 ml, 12 Unidades                                                                                                                                                                                          "
1,3248,Fanta Fresa,232,"Fanta Naranja, Botella Pet 2.50 L, 4 Piezas"
1,1154,Topo Chico Sangría,1178,"Topo Chico Agua Mineral, Botella Pet 1.50 L, 12 Piezas"
1,1106,Coca - Cola,974,"Coca - Cola Life, Botella Pet 1.00 L, 12 Piezas"
1,4077,Joya Manzana,3262,"Joya Manzana - Durazno, Botella Pet 2.50 L, 4 Piezas"
8,973,Yogurt Chiqui Mix Frutilla con Galletas 92 Gr.                                                                                                                                                                                                            ,12324,Yogurt Toni Durazno 1.7 L.                                                                                                                                                                                                                                
8,12326,Yogurt Toni Frutilla 750 Gr.                                                                                                                                                                                                                              ,942,Yogurt Light Mora1.7 L.                                                                                                                                                                                                                                   
1,3221,Santa Clara Leche Entera,4119,"Santa Clara Leche Deslactosada Semi, Tetra Pack 1.00 L, 3 Piezas"
1,3271,Ciel Agua Purificada,114,"Ciel Saborizada Limón, Botella Pet 600 ml, 12 Piezas"
1,219,Powerade Moras,495,"Powerade Citrus Limón, Botella Pet 1.00 L, 6 Piezas"
1,463,Powerade Frutas Rojas,2908,"Powerade Coco, Botella Pet 600 ml, 6 Piezas"
1,599,Del Valle Guayaba,1869,"Del Valle Surtida, Lata 335 ml, 6 Piezas"
8,12332,Yogurt Toni Mora 950 Gr.                                                                                                                                                                                                                                  ,136,Yogurt Toni Griego Frutilla 150 Gr.                                                                                                                                                                                                                       
8,113,Ina Cake Relleno de Vainilla 100 Gr.                                                                                                                                                                                                                      ,107,Ina Cake Clásico Paquete x2 x40 Gr.                                                                                                                                                                                                                       
8,12337,Yogurt Toni Frutilla 110 Gr.                                                                                                                                                                                                                              ,12393,Yogurt Toni 950 Gr.                                                                                                                                                                                                                                       
1,3686,Costa - Mocha Italia Tueste Oscuro Instantaneo,3455,"Costa – Mocha Italia Tueste Medio Molido, Bolsa 1 Kg, 6 Piezas"
5,7,Coca-Cola Sabor Original,110,"Coca-Cola sin Azúcar, Botella Vidrio 300 ml, 24 Unidades                                                                                                                                                                                                  "
1,3919,Coca - Cola Zero,1527,"Coca - Cola, Botella Pet 600 ml, 12 Piezas"
8,2427,Leche Saborizada Toni Chiqui Chocolate Poma 135 Ml.                                                                                                                                                                                                       ,2478,Leche Saborizada Toni Chiqui Frutilla Poma 135 Ml.                                                                                                                                                                                                        
1,1211,Fanta Naranja,1275,"Fanta Naranja, Botella Pet 500 ml, 12 Piezas"
1,608,Coca - Cola,3224,"Coca - Cola Zero, Botella Pet 1.50 L Retornable, 12 Piezas"
1,2120,Familia Coca - Cola,1449,"Familia Coca - Cola, Paquete Surtido Botella Pet 600 ml, 12 Piezas"
1,600,Del Valle Mango,599,"Del Valle Guayaba, Lata 453 ml, 6 Piezas"
1,1307,Familia Coca - Cola,1664,"Familia Coca - Cola, Paquete Surtido Botella Pet 500 ml, 12 Piezas"
5,1977,Fuze Tea Negro Limón,10055,"Fuze Tea Mango Manzanilla, Botella Pet 1000ml, 6 Unidades                                                                                                                                                                                                 "
1,2717,Ades Soya Natural,2714,"Ades Frutal Guanábana, Tetra Pack 946 ml, 3 Piezas"
1,820,Valle Frut Citrus Punch,1867,"Valle Frut Limón, Botella Pet 1.50 L, 6 Piezas"
8,1627,Queso Crema Toni 50 Gr.                                                                                                                                                                                                                                   ,428,Queso Crema Toni Cheddar 250 Gr.                                                                                                                                                                                                                          
1,433,Sprite Lima Limón,74,"Sprite Lima Limón, Botella Pet 2.00 L, 8 Piezas"
1,152,Fresca Toronja,554,"Fresca Toronja, Botella Pet 600 ml, 4 Piezas"
19,11785,Helado Tu y Yo Frutilla (1X24U) 68ml                                                                                                                                                                                                                      ,11778,Helado Bombón Cariño (1X24U) 110ml                                                                                                                                                                                                                        
5,1978,Fuze Tea Negro Limón,1977,"Fuze Tea Negro Limón, Botella Pet 1.00 L, 6 Unidades                                                                                                                                                                                                      "
1,3992,Del Valle Manzana,394,"Del Valle Piña, Lata 335 ml, 6 Piezas"
1,1145,Joya Ponche,1296,"Joya Uva, Botella Pet 1.50 L, 8 Piezas"
1,110,Sidral Mundet Manzana,3593,"Sidral Mundet Manzana, Botella Pet 2.00 L Retornable, 8 Piezas"
8,479,Tortolines Chifles Picante 45 Gr.                                                                                                                                                                                                                         ,469,Tortillas de Trigo Mama Fany Integral 400 Gr.                                                                                                                                                                                                             
1,3250,Sidral Mundet Manzana,3267,"Sidral Mundet Manzana - Durazno, Botella Pet 2.50 L, 4 Piezas"
1,411,Del Valle Guayaba,2862,"Del Valle y Nada Coco, Botella Pet 600 ml, 6 Piezas"
1,1820,Del Valle Durazno,2616,"Del Valle Durazno, Tetra Pack 946 ml, 12 Piezas"
5,3172,Fanta Naranja,11608,"Fanta Naranja, Botella Pet 500 ml, 12 Unidades                                                                                                                                                                                                            "
1,3671,Sprite Lima Limón,416,"Sprite Lima Limón, Botella Pet 400 ml, 24 Piezas"
1,544,Fanta Naranja,3080,"Fanta Piña, Botella Pet 600 ml, 6 Piezas"
5,1674,Del Valle Fresh Naranja,3386,"Del Valle Néctar Durazno, Botella Pet 250 ml, 12 Unidades                                                                                                                                                                                                 "
1,549,Delaware Punch Uva,2981,"Santa Clara Yogurt Batido Guayaba, Botella Pet 500 ml, 6 Piezas"
1,811,Fanta Naranja,1408,"Fanta Naranja, Botella Pet 400 ml, 12 Piezas"
1,167,Coca - Cola,1423,"Coca - Cola Light, Lata 355 ml, 6 Piezas"
1,2127,Valle Frut Citrus Punch,1818,"Valle Frut Citrus Punch, Botella Pet 5.00 L, 4 Piezas"
1,1635,Sidral Mundet Manzana,2572,"Sidral Mundet Manzana, Botella Pet 1.00 L, 12 Piezas"
1,2873,Del Valle Durazno,379,"Del Valle Mango, Botella Vidrio 250 ml, 6 Piezas"
5,7796,Sprite Harmony Lima Limón,585,"Sprite Harmony Lima Limón, Botella Pet 250 ml, 12 Unidades                                                                                                                                                                                                "
1,2764,Coca - Cola Zero,1349,"Coca - Cola Zero, Botella Pet 2.00 L, 4 Piezas"
1,3659,Flashlyte Sandia,3657,"Flashlyte Coco Con Limon, Botella Pet 625 ml, 6 Piezas"
1,2482,Joya Durazno,1130,"Joya Toronja, Botella Pet 2.00 L, 8 Piezas"
1,774,Sidral Mundet Manzana,4146,"Sidral Mundet Manzana, Botella Pet 600 ml, 6 Piezas"
1,3990,Del Valle Mango,393,"Del Valle Guayaba, Lata 335 ml, 6 Piezas"
5,11604,Fioravanti Fresa,775,"Fioravanti Fresa, Botella Pet 200 ml, 12 Unidades                                                                                                                                                                                                         "
5,2824,Dasani Sin Gas,10802,"Familia Coca-Cola Paquete Surtido, Botella Pet Variedad de Envases, 47 Unidades                                                                                                                                                                           "
1,2576,Coca - Cola Zero,72,"Coca - Cola Light, Botella Pet 2.00 L, 8 Piezas"
1,2674,Familia Coca - Cola,3563,"Familia Coca - Cola, Paquete Surtido Botella Pet 20.0 L Retornable, 2 Piezas"
1,1380,Coca - Cola,3442,"Coca - Cola, Botella Pet 250 ml, 6 Piezas"
5,136,Coca-Cola Sabor Original,10269,"Coca-Cola Sin Azúcar, Botella Pet 1.8L, 6 Unidades                                                                                                                                                                                                        "
1,2626,Santa Clara Leche Light,2628,"Santa Clara Leche Light Deslactosada, Tetra Pack 1.00 L, 2 Piezas"
1,1815,Valle Frut Citrus Punch,820,"Valle Frut Citrus Punch, Botella Pet 1.50 L, 6 Piezas"
1,3656,Flashlyte Fresa,3659,"Flashlyte Sandia, Botella Pet 625 ml, 6 Piezas"
1,232,Fanta Naranja,1189,"Fanta Uva, Botella Pet 2.00 L, 4 Piezas"
1,104,Sidral Mundet Manzana,3515,"Sidral Mundet Sangría Sin Azúcar, Botella Pet 600 ml, 6 Piezas"
1,3385,Coca - Cola Zero,802,"Coca - Cola Light, Botella Pet 600 ml, 12 Piezas"
1,97,Coca - Cola Light,230,"Coca - Cola Zero, Botella Vidrio 355 ml Retornable, 24 Piezas"
1,233,Sprite Lima Limón,3291,"Sprite Lima Limón, Botella Pet 1.50 L, 4 Piezas"
1,615,Delaware Punch Uva,1213,"Delaware Punch Uva, Botella Pet 250 ml, 12 Piezas"
1,1050,Joya Durazno,3413,"Joya Ponche, Botella Vidrio 500 ml Retornable, 24 Piezas"
8,902,Avena Toni Tradicional Fruta Naranjilla 250 Ml.                                                                                                                                                                                                           ,425,AVENA LECHE 250+GALLETAS                                                                                                                                                                                                                                  
1,1384,Familia Coca - Cola,3241,"Familia Coca - Cola, Paquete Surtido Botella Pet 1.50 L, 6 Piezas"
1,3361,Topo Chico Agua Mineral,3687,"Topo Chico Agua Mineral, Botella Vidrio 355 ml, 24 Piezas"
1,4061,Costa Coffee Barista,4059,"Costa Coffee Barista, Frasco 180 gr, 1 Pieza"
1,2581,Coca - Cola Zero,2935,"Coca - Cola, Botella Vidrio 235 ml, 24 Piezas"
1,601,Del Valle Durazno,3990,"Del Valle Mango, Lata Sleek 340 ml, 6 Piezas"
1,1077,Familia Coca - Cola,675,"Familia Coca - Cola, Paquete Surtido Botella Pet 2.00 L, 8 Piezas"
1,3423,Familia Coca - Cola,1736,"Familia Coca - Cola, Paquete Surtido Botella Pet 2.00 L, 2 Piezas"
1,204,Fanta Naranja,527,"Fanta Fresa, Botella Pet 2.50 L Retornable, 8 Piezas"
8,1117,Caffe Lato Capuccino Tpk 250 Ml.                                                                                                                                                                                                                          ,1120,Caffe Lato Mocaccino Tpk 250 Ml.                                                                                                                                                                                                                          
1,1481,Fanta Naranja,17,"Fanta Naranja, Botella Pet 2.00 L, 8 Piezas"
1,1544,Familia Coca - Cola,1023,"Familia Coca - Cola, Paquete Surtido Botella Pet 3.00 L, 2 Piezas"
1,3431,Coca - Cola,3598,"Coca - Cola Sin Azúcar, Botella Pet 2.00 L, 8 Piezas"
5,777,Fioravanti Fresa,772,"Fioravanti Fresa, Botella Vidrio 1.25 L Retornable, 12 Unidades                                                                                                                                                                                           "
5,2965,Powerade Manzana Clear,10242,"Powerade Maracuya, Botella Pet 1.00 L, 6 Unidades                                                                                                                                                                                                         "
1,2067,Coca - Cola,971,"Coca - Cola Life, Lata 355 ml, 12 Piezas"
1,339,Powerade Frutas Rojas,841,"Powerade Citrus Naranja, Botella Pet 1.00 L, 6 Piezas"
1,1144,Joya Manzana,2483,"Joya Fresa, Botella Pet 1.75 L, 8 Piezas"
1,3454,Costa – Mocha Italia Tueste Medio Molido,3460,"Costa - Descafeinado Tueste Oscuro Molido, Bolsa 1 Kg, 1 Pieza"
1,3351,Coca - Cola Zero,2576,"Coca - Cola Zero, Botella Pet 1.50 L, 8 Piezas"
1,2784,Coca - Cola Light,2444,"Coca - Cola Light, Botella Vidrio 235 ml, 12 Piezas"
8,6790,Yogurt Mix Durazno con Hojuelas 180 Gr.                                                                                                                                                                                                                   ,12894,Yogurt Griego Natural 90 Gr.                                                                                                                                                                                                                              
8,4223,Leche Saborizada Toni Chocolate Tpk 750 Ml.                                                                                                                                                                                                               ,2514,LECHS CHIQUI-PQX6 135-FRESA                                                                                                                                                                                                                               
1,2082,Coca - Cola,3447,"Coca Cola Sin Azúcar 8-bit, Lata Sleek 355 ml, 6 Piezas"
1,109,Sidral Mundet Manzana,3904,"Sidral Mundet Manzana, Botella Vidrio 1.00 L Retornable, 12 Piezas"
8,437,Caffe Lato Doble Espresso Vidrio 285 Ml.                                                                                                                                                                                                                  ,1117,Caffe Lato Capuccino Tpk 250 Ml.                                                                                                                                                                                                                          
1,407,Fanta Naranja,670,"Fanta Fresa, Botella Pet 400 ml, 6 Piezas"
1,3290,Fresca Toronja,3663,"Fresca Fusión, Botella Pet 2.00 L, 4 Piezas"
1,128,Coca - Cola Light,3401,"Coca - Cola, Botella Pet 3.00 L, 4 Piezas"
8,2447,Leche Toni Entera 1L                                                                                                                                                                                                                                      ,1483,LECHS-EST-1000-CHOC                                                                                                                                                                                                                                       
1,3409,Fresca Toronja,417,"Fresca Toronja, Botella Pet 400 ml, 24 Piezas"
1,928,Familia Coca - Cola,1124,"Familia Coca - Cola, Paquete Surtido Lata 355 ml, 24 Piezas"
1,1432,Joya,2285,"Joya, Paquete Surtido Lata 235 ml, 12 Piezas"
1,60,Fresca Toronja,1056,"Fresca Toronja, Botella Pet 500 ml, 12 Piezas"
1,103,Sidral Mundet Manzana,106,"Sidral Mundet Manzana, Botella Pet 600 ml, 24 Piezas"
1,436,Powerade Uva,609,"Powerade Moras, Botella Pet 500 ml, 6 Piezas"
8,12338,Yogurt Toni Mora 110 Gr.                                                                                                                                                                                                                                  ,196,Yogurt Chiqui Mix Durazno con Hojuelas 92 Gr.                                                                                                                                                                                                             
1,142,Ciel Agua Purificada,165,"Ciel Saborizada Toronja, Botella Pet 600 ml, 24 Piezas"
5,580,Sprite Lima-Limón,553,"Sprite Lima-Limón, Botella Pet 300 ml, 12 Uni"
1,3843,Joya,4015,"Joya, Paquete Surtido Botella Pet 2.50 L, 8 Piezas"
1,1407,Sprite Lima Limón,3111,"Sprite Sin Azúcar Lima Limón, Botella Pet 600 ml, 12 Piezas"
5,2811,Dasani Sin Gas,12585,"Dasani Saborizada Limón Con Gas, Botella Pet 250 ml, 12 Unidades                                                                                                                                                                                          "
5,10113,Sprite Lima Limón,5391,"Del Valle Néctar Durazno, Tetra Pack 1.00 L, "
1,1362,Topo Chico Sangría,4074,"Topo Chico Sangría, Botella Pet 1.75 L, 8 Piezas"
1,2625,Santa Clara Leche Entera,2626,"Santa Clara Leche Light, Tetra Pack 1.00 L, 2 Piezas"
5,582,Sprite Lima-Limón,581,"Coca - Cola Zero, Botella Pet 355 ml, 6 Piezas"
8,223,Bizcotelas Vainilla Caja 150 Gr.                                                                                                                                                                                                                          ,7831,"BIZCOTELAS PIE LIMÓN, INALECSA, FUNDA 135 GR x1                                                                                                                                                                                                           "
1,6,Coca - Cola,580,"Sprite Lima-Limón, Botella Pet 1.35 L, 12 Unidades                                                                                                                                                                                                        "
5,2824,Dasani Sin Gas,1067,"Joya Manzana, Botella Pet 250 ml, 12 Piezas"
5,2824,Dasani Sin Gas,7638,"Familia Coca-Cola Paquete Surtido, Botella Pe"
1,2349,Ciel Exprim Limón,1470,"Ciel Agua Purificada, Botella Pet 1.00 L, 6 Piezas"
8,4223,Leche Saborizada Toni Chocolate Tpk 750 Ml.                                                                                                                                                                                                               ,2514,"Monster Energy Lo Carb, Lata 473 ml, 4 Piezas"
1,2435,Coca - Cola Light,179,"Coca - Cola, Botella Pet 710 ml, 24 Piezas"
5,12469,Inca-Kola Amarilla,3915,"Inca-Kola Dorada STV, Botella Pet 1.00 L, 12 Unidades                                                                                                                                                                                                     "
1,22,Fanta Naranja,1093,"Fanta Uva, Botella Pet 600 ml, 24 Piezas"
5,12952,Familia Coca-Cola Paquete Surtido,10900,"Familia Coca-Cola Paquete Surtido, Botella Pet Varidad de Presentaciones, 18 Unidades                                                                                                                                                                     "
1,650,Fuze Tea Verde Limón,2291,"Fuze Tea Limón, Botella Pet 500 ml, 6 Piezas"
1,2848,Del Valle Naranja,1832,"Del Valle Manzana, Tetra Pack 200 ml, 12 Piezas"
1,5100092,Sopa De Pasta Yemina Concha No. 1 200 Gr / Bolsa,5100495,Sopa de Pasta la Moderna Fideo 1 200 gr / Bolsa
1,3222,Del Valle 100% Jugo Manzana,514,"Del Valle Reserva Granada, Botella Pet 300 ml, 6 Piezas"
1,3408,Sprite Lima Limón,27,"Sprite Lima Limón, Botella Vidrio 355 ml Retornable, 24 Piezas"
1,801,Coca - Cola Light,3006,"Coca - Cola Zero, Botella Pet 2.50 L, 8 Piezas"
1,1230,Fanta Fresa,1456,"Fanta Uva, Botella Pet 3.00 L, 6 Piezas"
1,3414,Joya Manzana,1087,"Joya Uva, Botella Vidrio 500 ml Retornable, 24 Piezas"
5,12885,Fanta Naranja,12884,"Fanta Naranja, Botella Pet 1750ml, 03 Unidades                                                                                                                                                                                                            "
5,2824,Dasani Sin Gas,11458,"Fuze Tea Negro Limón, Botella Pet 300 ml, 7 Unidades                                                                                                                                                                                                      "
8,1629,Queso Crema Toni 250 Gr.                                                                                                                                                                                                                                  ,1645,QUESO-B20-KILO-SSAL                   
1,1398,Joya Ponche,2535,"Joya Uva, Botella Pet 1.00 L, 12 Piezas"
1,434,Fresca Toronja,3893,"Fresca Surtida, Botella Pet 1.75 L, 8 Piezas"
8,11981,Yogurt Bebible Durazno 900Gr.                                                                                                                                                                                                                             ,13139,Yogurt Light Deslactosado Frutilla 190 Gr.                                                                                                                                                                                                                
1,1483,Fresca Toronja,145,"Fresca Toronja, Botella Pet 2.50 L, 8 Piezas"
5,2824,Dasani Sin Gas,2385,"Familia Coca-Cola Multipack, Botella Pet Vari"
1,2079,Coca - Cola Light,1193,"Coca - Cola Light, Lata 355 ml, 12 Piezas"
5,129,Coca-Cola Sabor Original,46,"Coca-Cola Sabor Original, Botella Pet 500 ml,"
1,231,Powerade Lima Limón,337,"Powerade Moras, Botella Pet 500 ml, 6 Piezas"
1,3197,Monster Energy Mango Loco,3094,"Monster Energy Pipeline Punch, Lata 473 ml, 4 Piezas"
1,824,Sprite Lima Limón,433,"Sprite Lima Limón, Botella Pet 2.00 L, 8 Piezas"
5,10242,Powerade Maracuya,2964,"Powerade Fruta Tropical, Botella Pet 1.00 L, 6 Unidades                                                                                                                                                                                                   "
1,1955,Valle Frut Citrus Punch,2127,"Valle Frut Citrus Punch, Botella Pet 2.50 L, 4 Piezas"
1,3182,Monster Energy Original,3084,"Monster Energy Original, Lata 473 ml, 2 Piezas"
5,3209,Del Valle Fresh Naranja Verde,7687,"Del Valle Fresh Manzana, Botella Pet 950 ml, 12 Unidades                                                                                                                                                                                                  "
1,3296,Familia Coca - Cola,3286,"Familia Coca - Cola, Paquete Surtido Botella Pet 2.50 L, 8 Piezas"
1,549,Delaware Punch Uva,485,"Manzana Lift Manzana, Bag-In-Box 19.0 L, 1 Pieza"
1,1222,Fresca Toronja,2479,"Familia Coca - Cola, Paquete Surtido Botella Pet 3.00 L, 2 Piezas"
8,6788,Yogurt Mix Vainilla con Hojuelas 180 Gr.                                                                                                                                                                                                                  ,6855,YOGURT-PQX4-MIX-HOJ-180-FRUT          
1,2680,Familia Coca - Cola,351,"Familia Coca - Cola, Paquete Surtido Botella Pet 500 ml, 24 Piezas"
5,2837,Dasani Sin Gas,2838,"Dasani Sin Gas, Botella Pet 6.05 L, 4 Unidades                                                                                                                                                                                                            "
5,6291,Coca-Cola Sabor Orginial,10715,"Coca-Cola Sabor Original, Botella Pet 500 ml, 116 Unidades                                                                                                                                                                                                "
5,7,Coca-Cola Sabor Original,110,"Sidral Mundet Manzana, Botella Pet 2.50 L, 8 Piezas"
5,12324,Powerade Manzana Acida,2948,"Powerade Manzana Clear, Botella Pet 350 ml, 1"
1,3866,Familia Coca - Cola,1102,"Familia Coca - Cola, Paquete Surtido Botella Pet 2.50 L, 8 Piezas"
1,2580,Coca - Cola Zero,3000,"Coca - Cola, Lata 235 ml, 24 Piezas"
1,1529,Powerade Uva,3670,"Powerade Mango, Botella Pet 1.00 L, 6 Piezas"
1,1738,Sidral Mundet Manzana,3514,"Sidral Mundet Sangría Sin Azúcar, Botella Pet 600 ml, 12 Piezas"
8,973,Yogurt Chiqui Mix Frutilla con Galletas 92 Gr.                                                                                                                                                                                                            ,12324,"Powerade Manzana Acida, Botella Pet 350ml, 12 Unidades                                                                                                                                                                                                    "
1,39,Coca - Cola Light,1076,"Coca - Cola, Botella Vidrio 237 ml, 12 Piezas"
1,3510,Topo Chico Hard Seltzer Fresa-Guayaba,3579,"Topo Chico Hard Seltzer Margarita Fresa-Jamaica, Lata 355 ml, 6 Piezas"
8,13400,COMPRA 1KINDERJOYX3 GRATIS 1 LECHE SABORIZADA 135ML                                                                                                                                                                                                       ,13710,Compra 5 pure de tomate100GR y recibe otro pure de tomate100gr gratis                                                                                                                                                                                     
1,3204,Del Valle Piña,736,"Del Valle Reserva Acaí, Botella Pet 300 ml, 6 Piezas"
5,2930,Powerade Fruta Tropical,2946,"Powerade Mora Azul, Botella Pet 350 ml, 12 Un"
1,1717,Familia Coca - Cola,358,"Familia Coca - Cola, Paquete Surtido Botella Pet 1.50 L, 12 Piezas"
1,3664,Fresca Fusión,859,"Fresca Toronja Rosa, Botella Pet 2.50 L, 8 Piezas"
1,3630,Del Valle Fizz Limón,4114,"Del Valle Fizz Limón, Botella Pet 600 ml, 12 Piezas"
5,3920,Inca-Kola Dorada STV,3935,"Inca-Kola Dorada STV, Botella Pet 3.00 L, 6 Unidades                                                                                                                                                                                                      "
1,27,Sprite Lima Limón,3050,"Sprite Lima Limón, Botella Vidrio 235 ml, 24 Piezas"
1,3172,Joya Manzana,3263,"Joya Manzana - Durazno, Botella Pet 2.50 L, 8 Piezas"
8,1556,Manjar Toni Tarrina 50 Gr.                                                                                                                                                                                                                                ,1545,Manjar Toni Duro Tacho 5 Kg.                                                                                                                                                                                                                              
1,1172,Coca - Cola,180,"Coca - Cola, Botella Pet 1.25 L, 12 Piezas"
8,12336,Yogurt Toni Durazno 110 Gr.                                                                                                                                                                                                                               ,12328,Yogurt Toni Durazno 750 Gr.                                                                                                                                                                                                                               
1,1816,Valle Frut Citrus Punch,821,"Valle Frut Manzana, Botella Pet 600 ml, 12 Piezas"
8,489,Tostitos Jalapeños 150 Gr.                                                                                                                                                                                                                                ,304,Tostitos Pizzerolas 150 Gr.                                                                                                                                                                                                                               
1,2715,Ades Frutal Manzana,2716,"Ades Frutal Naranja, Tetra Pack 946 ml, 3 Piezas"
5,2824,Dasani Sin Gas,2763,"Familia Coca-Cola Paquete Surtido, Botella Pe"
8,12695,Yogurt Toni Bebible Mango 750Gr.                                                                                                                                                                                                                          ,944,Yogurt Toni Griego Natural 500 Gr.                                                                                                                                                                                                                        
5,11606,Fioravanti Manzana Roja,781,"Fioravanti Fresa, Botella Pet 250 ml, 12 Unidades                                                                                                                                                                                                         "
5,2966,Powerade Mora Azul,13100,"Powerade Frutas Cítricas, Botella Pet 1.00 L, 6 Unidades                                                                                                                                                                                                  "
1,464,Powerade Naranja Mandarina,461,"Powerade Lima Limón, Botella Pet 1.00 L, 6 Piezas"
1,1428,Joya Manzana,1185,"Joya Ponche, Botella Pet 500 ml, 12 Piezas"
5,11604,Fioravanti Fresa,775,"Sidral Mundet Manzana, Botella Pet 400 ml, 24 Piezas"
1,445,Ciel Mineralizada Agua Mineral,1443,"Ciel Saborizada Jamaica, Botella Pet 1.00 L, 12 Piezas"
5,571,Sprite Lima-Limón,10700,"Sprite FNX Lima Limón, Botella Vidrio 200 ml Retornable, 24 Unidades                                                                                                                                                                                      "
1,5100067,Leche La Lechera Condensada 375 Gr / Lata,5100390,Leche Carnation Evaporada 360 gr / Tetra Pack
1,1213,Delaware Punch Uva,706,"Delaware Punch Uva, Botella Pet 500 ml, 12 Piezas"
5,11244,Del Valle Néctar Durazno,12664,"Del Valle Néctar Durazno, Tetra Pack 190ml, 12 Unidades                                                                                                                                                                                                   "
5,128,Coca-Cola Sabor Original,140,"Sprite Zero Lima Limón, Lata 355 ml, 24 Piezas"
1,3662,Fresca Fusión,159,"Fresca Toronja, Botella Pet 1.50 L, 12 Piezas"
1,1214,Joya Durazno,1151,"Joya Toronja, Botella Pet 600 ml, 12 Piezas"
1,42,Fresca Toronja,3409,"Fresca Toronja, Botella Vidrio 500 ml Retornable, 24 Piezas"
5,2824,Dasani Sin Gas,2759,"Dasani Sin Gas, Botella Pet Variedad de Prese"
1,3517,Monster Energy Monarch,3090,"Monster Energy Original, Lata 355 ml, 4 Piezas"
1,1691,Sidral Mundet Manzana,1707,"Sidral Mundet Manzana, Botella Pet 2.50 L, 4 Piezas"
1,3203,Valle Frut Citrus Punch,3294,"Valle Frut Citrus Punch, Botella Pet 2.00 L, 2 Piezas"
1,3429,Familia Coca - Cola,3098,"Familia Coca - Cola, Paquete Surtido Botella Vidrio 355 ml Retornable, 24 Piezas"
1,2710,Ades Frutal Manzana,2709,"Ades Frutal Mango, Tetra Pack 200 ml, 4 Piezas"
5,3167,Fanta Naranja,3172,"Fanta Naranja, Botella Pet 1.35 L, 12 Unidades                                                                                                                                                                                                            "
1,892,Del Valle 100% Jugo Naranja,2599,"Del Valle Reserva Acaí, Botella Pet 1.00 L, 6 Piezas"
1,3407,Fanta Naranja,1642,"Fanta Fresa, Botella Pet 250 ml, 24 Piezas"
8,11722,Toallas Femeninas Stayfree Normal paquete x 10 Un                                                                                                                                                                                                         ,11721,Toallas Femeninas Stayfree Nocturna Paquete x 8 Un                                                                                                                                                                                                        
1,501,Del Valle Néctar Manzana,2777,"Del Valle Nutriforte Mango, Tetra Pack 200 ml, 4 Piezas"
1,2662,Coca - Cola,3307,"Coca - Cola Café Caramelo, Lata 235 ml, 4 Piezas"
8,6789,Yogurt Mix Vainilla con Bolitas 180 Gr.                                                                                                                                                                                                                   ,9092,Yogurt Mix Frutilla con Bolitas 180 Gr.                                                                                                                                                                                                                   
5,2846,Dasani Mineralizada Carbonatada,12588,"Dasani Saborizada Manzana Con Gas, Botella Pet 500 ml, 12 Unidades                                                                                                                                                                                        "
5,154,Coca-Cola TA,122,"Coca-Cola Sin Azúcar, Botella Pet 1.35 L, 9 Unidades                                                                                                                                                                                                      "
1,239,Ciel Agua Purificada,3997,"Ciel 0% Azúcar Limón, Botella Pet 1.00 L, 6 Piezas"
19,11783,Helado Galletopsy Vainilla (1X20U) 118ml                                                                                                                                                                                                                  ,12858,Helado Galletopsy Tiramisu (1X20U) 118Ml.                                                                                                                                                                                                                 
1,1075,Familia Coca - Cola,1269,"Familia Coca - Cola, Paquete Surtido Botella Vidrio 500 ml Retornable, 24 Piezas"
8,9092,Yogurt Mix Frutilla con Bolitas 180 Gr.                                                                                                                                                                                                                   ,6788,Yogurt Mix Vainilla con Hojuelas 180 Gr.                                                                                                                                                                                                                  
8,12693,Yogurt Toni Bebible Guanábana 750Gr.                                                                                                                                                                                                                      ,4202,Yogurt Toni Griego Mango 150 Gr.                                                                                                                                                                                                                          
5,570,Sprite Lima-Limón,571,"Sprite Lima-Limón, Botella Vidrio 300 ml Retornable, 24 Unidades                                                                                                                                                                                          "
1,549,Delaware Punch Uva,1297,"Powerade, Paquete Surtido Botella Pet 600 ml, 6 Piezas"
1,3856,Joya Durazno,1291,"Joya Durazno, Botella Pet 2.00 L, 8 Piezas"
8,12332,Yogurt Toni Mora 950 Gr.                                                                                                                                                                                                                                  ,136,"Coca - Cola, Botella Vidrio 237 ml, 24 Piezas"
1,200,Coca - Cola,3494,"Coca - Cola Light, Botella Pet 2.00 L, 2 Piezas"
1,823,Valle Frut Citrus Punch,1815,"Valle Frut Citrus Punch, Botella Pet 3.00 L, 6 Piezas"
1,439,Fanta Naranja,1768,"Fanta Mandarina, Botella Pet 2.50 L, 8 Piezas"
5,8484,Sprite Lima Limón,10702,"Sprite FNX Lima Limón, Botella Pet 300 ml, 12 Unidades                                                                                                                                                                                                    "
1,432,Fanta Naranja,16,"Fanta Mandarina, Botella Pet 2.00 L, 8 Piezas"
8,11451,Leche Saborizada Canela 1Lt.                                                                                                                                                                                                                              ,11484,Leche Saborizada Toni Chocolate Tpk 250 Ml.                                                                                                                                                                                                               
5,2824,Dasani Sin Gas,2317,"Familia Coca-Cola Paquete Surtido, Botella Pe"
1,672,Fresca Toronja,3664,"Fresca Fusión, Botella Pet 2.00 L, 8 Piezas"
1,3246,Topo Chico Twist Toronja,1218,"Topo Chico Agua Mineral, Botella Pet 600 ml, 6 Piezas"
1,1224,Fanta Fresa,1455,"Fanta Uva, Botella Pet 3.00 L, 3 Piezas"
1,1190,Topo Chico Sangría Light,1540,"Topo Chico Sangría Light, Botella Pet 500 ml, 12 Piezas"
8,11508,Bebida de Yogurt Frush Mora 900 Gr.                                                                                                                                                                                                                       ,182,BVIDA SHOT ENERGY 35 ML                                                                                                                                                                                                                                   
5,10116,Fanta Naranja,378,"Del Valle Néctar Manzana, Botella Vidrio 413 ml, 6 Piezas"
1,997,Santa Clara Leche Light Deslactosada,1926,"Santa Clara Leche Light, Tetra Pack 1.00 L, 6 Piezas"
8,1463,Leche Toni Descremada 1Lt.                                                                                                                                                                                                                                ,11451,Leche Saborizada Canela 1Lt.                                                                                                                                                                                                                              
1,1044,Joya Fresa,1084,"Joya Ponche, Botella Vidrio 500 ml Retornable, 24 Piezas"
1,1404,Topo Chico Sangría,1179,"Topo Chico Sangría, Botella Pet 1.50 L, 6 Piezas"
5,2824,Dasani Sin Gas,7772,"Pisco La Caravedo Puro Acholado, botella 750 mlX1un"
1,178,Coca - Cola Light,71,"Coca - Cola, Botella Pet 2.00 L, 8 Piezas"
1,1707,Sidral Mundet Manzana,1691,"Sidral Mundet Manzana, Botella Pet 2.00 L, 4 Piezas"
1,1821,Del Valle Mango,1694,"Del Valle Néctar Manzana, Tetra Pack 250 ml, 12 Piezas"
5,10221,Del Valle Néctar Mango,3276,"Del Valle Néctar Durazno, Tetra Pack 250 ml, "
1,509,Sprite Lima Limón,4108,"Sprite Lima Limón, Botella Pet 2.50 L, 8 Piezas"
1,3289,Fanta Naranja,4142,"Fanta Naranja, Botella Pet 2.50 L, 4 Piezas"
1,876,Sprite Lima Limón,1206,"Sprite Zero Lima Limón, Lata 355 ml, 12 Piezas"
1,3391,Fanta Fresa,1126,"Fanta Naranja, Botella Pet 2.00 L, 4 Piezas"
1,1531,Joya Manzana,1532,"Joya Ponche, Botella Pet 3.00 L, 6 Piezas"
1,3956,Santa Clara Leche Entera,1932,"Santa Clara Leche Deslactosada Semi, Tetra Pack 1.00 L, 4 Piezas"
1,3673,Fanta Naranja,1096,"Fanta Uva, Botella Vidrio 500 ml Retornable, 24 Piezas"
5,211,Coca-Cola Light,116,"Coca-Cola Sin Azúcar, Botella Pet 200 ml, 12 "
1,3491,Coca - Cola Zero,2656,"Coca - Cola Zero, Botella Pet 1.50 L, 4 Piezas"
1,2685,Familia Coca - Cola,1388,"Familia Coca - Cola, Paquete Surtido Botella Pet 2.00 L Retornable, 8 Piezas"
1,1818,Valle Frut Citrus Punch,3741,"Valle Frut Mandarina, Botella Pet 2.00 L, 4 Piezas"
1,62,Fanta Naranja,2739,"Fanta Fresa, Lata 235 ml, 24 Piezas"
1,3834,Joya Ponche,1219,"Joya Manzana, Botella Pet 2.50 L, 4 Piezas"
1,32,Ciel Mineralizada Agua Mineral,2377,"Ciel Mineralizada Agua Mineral, Lata 235 ml, 24 Piezas"
1,3837,Sidral Mundet Manzana,3406,"Sidral Mundet Manzana, Botella Vidrio 500 ml Retornable, 24 Piezas"
1,3437,Fanta Senzao Guaraná,1182,"Fanta Fresa, Botella Pet 1.00 L, 12 Piezas"
8,901,Avena Toni Tradicional Leche Canela 1L                                                                                                                                                                                                                    ,904,AVENA TRAD PQX6 LECHE 250ml           
1,929,Familia Coca - Cola,1305,"Familia Coca - Cola, Paquete Surtido Botella Vidrio 355 ml Retornable, 24 Piezas"
1,1215,Joya Piña,1719,"Joya Toronja, Botella Pet 1.50 L Retornable, 12 Piezas"
1,3678,Joya Ponche,1072,"Joya Uva, Botella Pet 250 ml, 24 Piezas"
1,20,Fanta Naranja,1697,"Fanta Uva, Botella Vidrio 355 ml, 24 Piezas"
1,827,Coca - Cola Light,2581,"Coca - Cola Zero, Botella Vidrio 355 ml Retornable, 24 Piezas"
8,196,Yogurt Chiqui Mix Durazno con Hojuelas 92 Gr.                                                                                                                                                                                                             ,7627,YOGURT CREM TROZOS FRU 150                                                                                                                                                                                                                                
8,12328,Yogurt Toni Durazno 750 Gr.                                                                                                                                                                                                                               ,1016,Yogurt Toni Griego ACAI Tarrina150 Gr.                                                                                                                                                                                                                    
8,11571,Tostitos Limón Intenso 27 Gr.                                                                                                                                                                                                                             ,442,Tostitos Original 150 Gr.                                                                                                                                                                                                                                 
1,3968,Coca Cola Cherry,1509,"Coca - Cola Light, Botella Pet 400 ml, 12 Piezas"
1,3157,Santa Clara Leche Deslactosada Semi,1003,"Santa Clara Leche Cappuccino, Tetra Pack 200 ml, 3 Piezas"
1,1396,Joya Manzana,3911,"Joya Durazno, Botella Vidrio 1.00 L Retornable, 12 Piezas"
1,1018,Fuze Tea Frutos Rojos,653,Tostitos Nachos Fiesta 300 Gr.                                                                                                                                                                                                                            
1,549,Delaware Punch Uva,12006,"Familia Coca-Cola Paquete Surtido, Botella Pet Variedad de Presentaciones, 9 Unidades                                                                                                                                                                     "
1,2586,Coca - Cola Zero,1556,"Coca - Cola, Botella Pet 200 ml, 24 Piezas"
1,3930,Familia Coca - Cola,203,"Familia Coca - Cola, Paquete Surtido Botella Pet 1.50 L, 12 Piezas"
1,3628,Del Valle Fizz Naranja,2595,"Del Valle y Nada Limón, Botella Pet 1.50 L, 8 Piezas"
1,5100157,Mole Doña María Rojo 235 Gr / Frasco,5100064,Mole Doña Maria Liquido De 360 Gr/ Caja
1,3422,Familia Coca - Cola,2248,"Familia Coca - Cola, Paquete Surtido Botella Pet 2.00 L, 2 Piezas"
1,3689,Familia Coca - Cola,347,"Familia Coca - Cola, Paquete Surtido Botella Pet 500 ml, 24 Piezas"
5,3167,Fanta Naranja,3172,"Joya Manzana, Botella Pet 1.75 L, 8 Piezas"
5,2824,Dasani Sin Gas,3195,"Monster Energy Zero Ultra, Lata 473 ml, 4 Piezas"
5,3166,Fanta Naranja,3164,"Fanta Naranja, Botella Vidrio 192/200 ml Retornable, 24 Unidades                                                                                                                                                                                          "
1,23,Fanta Fresa,1318,"Fanta Naranja, Botella Vidrio 355 ml, 24 Piezas"
5,769,Fioravanti Fresa,768,"Fioravanti Fresa, Botella Vidrio 300 ml Retornable, 24 Unidades                                                                                                                                                                                           "
1,69,Fresca Toronja,197,"Fresca Toronja, Lata 237 ml, 24 Piezas"
1,1753,Familia Coca - Cola,3930,"Familia Coca - Cola, Paquete Surtido Botella Vidrio 1.00 L Retornable, 12 Piezas"
1,3897,Monster Energy Ultra Peachy Keen,3580,"Monster Energy Water Melon, Lata 473 ml, 4 Piezas"
1,1192,Coca - Cola,1725,"Coca - Cola Light, Lata 237 ml, 12 Piezas"
1,3842,Joya Manzana,3519,"Joya Piña, Botella Pet 2.50 L, 4 Piezas"
12,617,Sarita Rizada Crema Cebolla 20 G                                                                                                                                                                                                                          ,2057,Sarita Hamburguesa 20 g                                                                                                                                                                                                                                   
1,1053,Topo Chico Sangría,1054,"Topo Chico Agua Mineral, Botella Vidrio 340 ml, 24 Piezas"
1,2610,Coca - Cola Zero,2865,"Coca - Cola Zero, Lata 473 ml, 12 Piezas"
1,1119,Familia Coca - Cola,1543,"Familia Coca - Cola, Paquete Surtido Botella Pet 600 ml, 6 Piezas"
19,11787,Helado Topsy Choc Chocolate (1X60U) 60ml                                                                                                                                                                                                                  ,11786,Helado Topsy Choc Vainilla (1X60U) 60ml                                                                                                                                                                                                                   
